<?xml version="1.0" ?>
<container xmlns="http://symfony.com/schema/dic/services"
    xmlns:xsi="http://www.w3.org/2001/XMLSchema-instance"
    xsi:schemaLocation="http://symfony.com/schema/dic/services
                        http://symfony.com/schema/dic/services/services-1.0.xsd">

    <parameters>
        <parameter key="rest_demo.dailynote.handler.class">Rest\DemoBundle\Handler\DailyNoteHandler</parameter>
        <parameter key="rest_demo.dailynote.class">Rest\DemoBundle\Entity\DailyNote</parameter>
    </parameters>
    
    <services>
        <service id="rest_demo.dailynote.handler" class="%rest_demo.dailynote.handler.class%">
            <argument type="service" id="doctrine.orm.entity_manager" />
            <argument>%rest_demo.dailynote.class%</argument>
            <argument type="service" id="form.factory"></argument>
        </service>
    </services>
    
    <!--
    <services>
        <service id="rest_demo.example" class="Rest\DemoBundle\Example">
            <argument type="service" id="service_id" />
            <argument>plain_value</argument>
            <argument>%parameter_name%</argument>
        </service>
    </services>
    -->
</container>
